audio,band_2G,band_3G,band_4G,bluetooth,browser,built_in,capacity,card,chipset,colors,cpu,data,dimensions,extra,extra_features,features,front,games,gps,gpu,main,messaging,mobile_name,nfc,os,price_pkr,price_usd,protection,rating,resolution,sensors,sim,size,technology,torch,ui,usb,weight,wlan
" 3.5mm Audio Jack, DivX/XviD/MP4/H.265 player, MP3/eAAC+/WMA/WAV/Flac player, Speaker Phone ", GSM 850 / 900 / 1800 / 1900 GSM 850 / 900 / 1800 / 1900 , HSDPA 850 / 900 / 1900 / 2100 ," LTE band 1(2100), 3(1800), 4(1700/2100), 5(850), 6(900), 8(900), 19(800), 34(2000), 38(2600), 39(1900), 40(2300), 41(2500) "," v5.0 with A2DP, LE, apt-X HD ", HTML5 ,"256GB Built-in, 8GB RAM ","(Li-Po Non removable), 4000 mAh ", No , HiSilicon Kirin 980 (7 nm) ," Phantom Blue, Phantom Black ",Octa-core (2 x 2.6 GHz Cortex-A76 + 2 x 1.92 GHz Cortex-A76 + 4 x 1.8 GHz Cortex-A55) ," , Edge, 3G HSPA 42.2/5.76 Mbps), 4G LTE-A ", 154.6 x 74 x 8.4 mm ," Active noise cancellation with dedicated mic, Document viewer, Photo/Video editor ",," AI recognition of multiple objects, Geo-tagging, touch focus, Face detection, HDR, panorama, Video (2160p@30fps, 1080p@30/60fps; gyro-EIS) "," 32 MP, f/2.0, HDR, Video (1080p@30fps, gyro-EIS) ", Built-in + Downloadable ," A-GPS support & Glonass, BDS, GALILEO, QZSS ", Mali-G76 MP10 ,"Quad Camera: 48 MP, f/1.4, 28mm (wide), 1/2"", Laser/PDAF, OIS + 16 MP, f/2.2, 13mm (ultrawide), 1/3.1"" + 8 MP, f/2.4, 80mm (telephoto), 1/4.4"", Laser/PDAF, OIS, 3x optical zoom + 2 MP, f/2.4, 27mm (wide), dedicated macro camera, LED Flash "," SMS(threaded view), MMS, Email, Push Mail, IM ",Honor 20 Pro, Yes ,Android 9.0 (Pie) ," Rs. 99,999 ",USD $745 , Corning Gorilla Galss (unspecified version) ,4.2, 1080 x 2340 Pixels (~412 PPI) ,"Accelerometer, Compass, Fingerprint (side mounted), Gyro, Proximity "," Dual Sim, Dual Standby (Nano-SIM) ", 6.3 Inches ,"IPS LCD Capacitive Touchscreen, 16M Colors, Multitouch ", Yes , Magic UI 2.1 ," 2.0, Type-C 1.0 reversible connector, USB On-The-Go ", 182 g ,"Wi-Fi 802.11 a/b/g/n/ac, dual-band, WiFi Direct, hotspot "
" 3.5mm Audio Jack, MP4/H.264 player, MP3/WAV/eAAC+/FLAC player, Speaker Phone ", GSM 850 / 900 / 1800 / 1900 GSM 850 / 900 / 1800 / 1900 , HSDPA 850 / 900 / 1900 / 2100 ," LTE band 1(2100), 3(1800), 5(850), 7(2600), 8(900), 20(800) "," v5.0 with A2DP, LE ", HTML5 ,"128GB Built-in, 8GB RAM ","(Li-Po Non removable), 4100 mAh "," microSD Card, (supports up to 256GB) (dedicated slot) ", Qualcomm SDM675 Snapdragon 675 (11 nm) ," Crystal Black, Crystal Sky, Midnight Ocean ",Octa-core (2 x 2.0 GHz Kryo 460 Gold + 6 x 1.7 GHz Kryo 460 Silver) ," , Edge, 3G (HSPA 42.2/5.76 Mbps), 4G LTE-A ", 159 x 74.7 x 9.8 mm ," Active noise cancellation with dedicated mic, Document viewer, Photo/video editor ",," Phase detection, touch focus, Geo-tagging, HDR, panorama, Video (2160p@30fps, 1080p@30fps) "," Dual Motorized pop-up camera: 32 MP, f/2.0, (wide) + 8 MP, 17mm (ultrawide) ", Built-in + Downloadable ," Yes + A-GPS support, & GLONASS, BDS ", Adreno 612 ,"Quad Camera: 48 MP, f/1.8, 26mm (wide), 1/2.0"", PDAF + 8 MP, f/2.2, 13mm (ultrawide), 1/4"" + 13 MP, (telephoto), PDAF, 2x optical zoom + 2 MP, f/2.4, 1/5"", depth sensor, LED Flash "," SMS(threaded view), MMS, Email, Push Mail, IM ",Vivo V17 Pro, No ,Android 9.0 (Pie) ," Rs. 66,999 ",USD $499 , Not yet confirmed ,4.5, 1080 x 2400 Pixels (~409 PPI) ,"Accelerometer, Compass, Fingerprint (under display), Gyro, Proximity "," Dual Sim, Dual Standby (Nano-SIM) ", 6.44 Inches ,"Super AMOLED capacitive touchscreen, 16M colors, Multitouch ", Yes , Funtouch 9.1 ," 2.0, Type-C 1.0 reversible connector, USB On-The-Go ", 201 g ,"Wi-Fi 802.11 a/b/g/n/ac, dual-band, WiFi Direct, hotspot "
" 32-bit/384kHz audio, 3.5mm Audio Jack, MP3/eAAC+/WAV/Flac player, XviD/MP4/H.265 player, Speaker Phone ", GSM 850 / 900 / 1800 / 1900 GSM 850 / 900 / 1800 / 1900 , HSDPA 850 / 900 / 1900 / 2100 ," LTE band 1(2100), 2(1900), 3(1800), 4(1700/2100), 5(850), 6(900), 7(2600), 8(900), 9(1800), 12(700), 17(700), 18(800), 19(800), 20(800), 26(850), 28(700), 32(1500), 34(2000), 38(2600), 39(1900), 40(2300) "," v5.0 with A2DP, LE ", HTML5 ,"256GB Built-in, 8GB RAM ","(Li-Po Non removable), 4200 mAh "," Nano Memory Card, (supports upto 256GB) (Uses SIM 2) ", HiSilicon Kirin 980 (7 nm) ," Aurora, Amber Sunrise, Breathing Crystal, Black ",Octa-core (2 x 2.6 GHz Cortex-A76 + 2 x 1.92 GHz Cortex-A76 + 4 x 1.8 GHz Cortex-A55) ," , Edge, 3G (HSPA 42.2/5.76 Mbps), 4G (LTE-A Cat21 1400/200 Mbps) ", 158 x 73.4 x 8.4 mm ," Dolby Atmos sound, IP68 dust/water resistant (up to 2m for 30 mins), Active noise cancellation with dedicated mic, Document viewer, Photo/video editor "," DCI-P3 "," OIS, Leica optics, phase detection, Geo-tagging, touch focus, face detection, HDR, panorama, Video (2160p@30fps, 1080p@60fps, 1080p@30fps (gyro-EIS), 720p@960fps) "," 32 MP, f/2.0, (wide), HDR, Video (1080p@30fps) ", Built-in + Downloadable ," Yes + dual-band A-GPS with GLONASS, BDS, GALILEO, QZSS ", Mali-G76 MP10 ,"Quad Camera: 40 MP, f/1.6, 27mm (wide), 1/1.7"", PDAF, OIS + 20 MP, f/2.2, 16mm (ultrawide), 1/2.7"", PDAF + Periscope 8 MP, f/3.4, 125mm (telephoto), 1/4"", 5x optical zoom, OIS, PDAF + TOF 3D camera, dual-LED dual-tone flash "," SMS(threaded view), MMS, Email, Push Mail, IM ",Huawei P30 Pro, Yes ,Android 9.0 (Pie) ," Rs. 157,600 ",USD $1174 ,,4.6, 1080 x 2340 Pixels (~398 PPI) ,"Face ID, Accelerometer, Compass, Fingerprint (under display), Gyro, Proximity "," Dual Sim, Dual Standby (Nano-SIM) ", 6.5 Inches ,"OLED Capacitive Touchscreen, 16M Colors, Multitouch ", Yes , EMUI 8.1 ," 3.1, Type-C 1.0 reversible connector ", 192 g ,"Wi-Fi 802.11 a/b/g/n/ac, dual-band, DLNA, Wi-Fi Direct, hotspot "
" 3.5mm Audio Jack, MP4/DivX/XviD/WMV/H.265 player, MP3/WAV/WMA/eAAC+/FLAC player, Speaker Phone ", GSM 850 / 900 / 1800 / 1900 GSM 850 / 900 / 1800 / 1900 , HSDPA 850 / 900 / 1700(AWS) / 1900 / 2100 ," LTE band 1(2100), 2(1900), 3(1800), 4(1700/2100), 5(850), 7(2600), 8(900), 12(700), 13(700), 17(700), 18(800), 19(800), 20(800), 25(1900), 26(850), 28(700), 32(1500), 38(2600), 39(1900), 40(2300), 41(2500), 66(1700/2100) "," v5.0 with A2DP, LE ", HTML5 ,"512GB Built-in, 8GB RAM ","(Li-ion Non removable), 4100 mAh "," microSD Card, (supports up to 512GB) (uses SIM 2 slot) - dual SIM model only ", Exynos 9820 Octa (8 nm) ," Prism White, Prism Black, Prism Green, Prism Blue, Canary Yellow, Flamingo Pink, Ceramic Black, Ceramic White ",Octa-core (2 x 2.7 GHz Mongoose M4 + 2 x 2.3 GHz Cortex-A75 + 4 x 1.9 GHz Cortex-A55) ," , Edge, 3G (HSPA 42.2/5.76 Mbps), 4G (LLTE-A (7CA) Cat20 2000/150 Mbps) ", 157.6 x 74.1 x 7.8 mm ," Active noise cancellation with dedicated mic, Samsung Pay (Visa, MasterCard certified), IP68 dust/water proof (up to 1.5m for 30 mins), ANT+, Bixby natural language commands and dictation, Samsung DeX (desktop experience support), Document viewer, Photo/video editor "," HDR10, Always-on display "," OIS, Geo-tagging, face/smile detection, Auto HDR, panorama, Video (2160p@60fps, 1080p@240fps, 720p@960fps, HDR, dual-video rec)  "," Dual 10 MP, f/1.9, Dual Pixel PDAF + 8 MP, f/2.2, depth sensor, Dual video call, Auto-HDR, Video (2160p@30fps, 1080p@30fps) ", Built-in + Downloadable ," Yes + A-GPS support & Glonass, BDS, GALILEO ", Mali-G76 MP12 ,"Triple Camera: 12 MP, f/1.5-2.4, 26mm (wide), 1/2.55"", Dual Pixel PDAF, OIS + 12 MP, f/2.4, 52mm (telephoto), 1/3.6"", AF, OIS, 2x optical zoom + 16 MP, f/2.2, 12mm (ultrawide), LED Flash "," SMS(threaded view), MMS, Email, Push Mail, IM ",Samsung Galaxy S10 Plus 512GB, Yes ,Android 9.0 (Pie) ," Rs. 219,999 ",USD $1639 , Corning Gorilla Glass 6 ,4.1, 1440 x 3040 Pixels (~526 PPI) ,"Accelerometer, Compass, Fingeprint (under display), Gyro, HeartRate, Proximity, SpO2 "," Hybrid Dual SIM, Dual Standby, (Nano-SIM) ", 6.4 Inches ,"Dynamic AMOLED capacitive touchscreen, 16M colors, Multitouch ", Yes , One UI ," 3.1, Type-C 1.0 reversible connector ", 175 g ,"Wi-Fi 802.11 a/b/g/n/ac, dual-band, Wi-Fi Direct, hotspot "
" 3.5mm audio jack, Dual Speaker ",": 850 / 900 / 1800 / 1900: 850 / 900 / 1800 / 1900 ", HSDPA 900 / 1900 / 2100 ," LTE band 1(2100), 3(1800), 7(2600), 20(800), 38(2600), 39(1900), 40(2300), 41(2500) "," v4.0 with A2DP, EDR ", HTML5 ," built-in, ", , microSD card (support up to 128GB) , Mediatek MT6795 Helio X10 , Various , ," , , 3G HSPA, 4G (LTE Cat4 150/50 Mbps) ", 164 x 82.3 x 9.6 mm ," Maps, Gmail, Youtube, Calendar, HIFI + DTS, MP4/H.264 player, MP3/WAV/eAAC+ player ",," Optical image stabilization, phase detection, Video 2160p@30fps ", 8.0 MP Camera , Built-in + downloadable , Yes + A-GPS support , PowerVR G6200 ,"24 MP, 5696 x 4272 pixels, autofocus, dual-LED (dual tone) flash "," SMS(threaded view), MMS, Email, Push Mail, IM ",QMobile Noir E8, Yes ,"Android OS, v5.1 (Lollipop) "," Rs. 27,500 ",USD $205 ,,4.2, 1440 x 2560 pixels (~490 ppi pixel density) ,"Accelerometer, Fingerprint, gyro, proximity, compass "," Dual SIM, Dual Standby, Micro SIM ", 6.0 inches ,"AMOLED capacitive touchscreen, 16M colors, Multitouch ", Yes , Amigo 3.1 UI ," microUSB v2.0, USB Host ", 210g ,"Wi-Fi 802.11 a/b/g/n/ac, dual-band, WiFi Direct, hotspot "
" 3.5mm Audio Jack, MP4/WMV/H.264 player, MP3/WAV/WMA/eAAC+/FLAC player, Speaker Phone ", GSM 850 / 900 / 1800 / 1900 GSM 850 / 900 / 1800 / 1900 , HSDPA 850 / 900 / 1900 / 2100 , LTE ," v4.2 with A2DP, LE ", HTML5 ,"64GB Built-in, 4GB RAM ","(Li-ion Non removable), 4000 mAh "," microSD Card, (supports up to 256GB) ", MediaTek Helio P23 (MT6763V) , Various ,2.0 GHz Octa Core ," , Edge, 3G HSPA, 4G LTE ", 75 x 158 x 8.4 mm ," Stylus Pen, Active noise cancellation with dedicated mic, Photo/video editor, Document viewer ",," Phase detection, Geo-tagging, Panorama, HDR, Video "," 16 MP, LED Flash ", Built-in + Downloadable ," Yes + A-GPS support & Glonass, BDS ", ARM Mali-G71 MP2 ,"16 MP, autofocus, LED flash "," SMS(threaded view), MMS, Email, Push Mail, IM ",Infinix Note 5 Stylus, No ,Android One ," Rs. 37,899 ",USD $282 , Corning Gorilla Glass 5 ,4.2, 1080 x 2160 Pixels (~402 PPI) ,"Face ID, Accelerometer, Compass, Fingerprint, Proximity "," Dual Sim, Dual Standby (Nano-SIM) ", 6.0 Inches ,"IPS LCD Capacitive Touchscreen, 16M Colors, Multitouch ", Yes , XOS chameleon , microUSBv2.0 , 173 g ,"Wi-Fi 802.11 b/g/n, Wi-Fi Direct, hotspot "
" 3.5mm Audio Jack, MP4/H.264/FLAC player, MP3/eAAC+/WAV player, Speaker Phone ", GSM 850 / 900 / 1800 / 1900 GSM 850 / 900 / 1800 / 1900 , HSDPA 850 / 900 / 1700(AWS) / 1900 / 2100 , LTE ," v5.0 with A2DP, LE ", HTML5 ,"256GB Built-in, 8GB RAM ","(Li-ion Non removable), 3730 mAh ", No , Qualcomm SDM845 Snapdragon 845 ," Bordeaux Red, Glacier Blue ",Octa-core (4 x 2.8 GHz Kryo 385 Gold + 4 x 1.7 GHz Kryo 385 Silver) ," , Edge, 3G (HSPA 42.2/5.76 Mbps), 4G (LTE-A Cat16 1024/150 Mbps) ", 156.7 x 74.2 x 9.4mm ," Front/back glass + Gorilla Glass 5), Aluminum frame, Document viewer, Photo viewer/editor ",," Geo-tagging, touch focus, face detection, HDR, panorama, Video (2160p@30fps) ", Pop-up 25 MP (f/2.0) , Built-in + Downloadable ," Yes + A-GPS support & Glonass, BDS ", Adreno 630 ,"Dual 16 MP (f/2.0, PDAF, OIS) + 20 MP (f/2.0), dual-LED dual-tone flash, phase detection autofocus "," SMS(threaded view), MMS, Email, Push Mail, IM ",Oppo Find X, Yes ,Android V8.1 Oreo ," Rs. 129,999",USD $969, Corning Gorilla Glass 5 ,4.2, 1080 x 2340 Pixels (~401 PPI) ,"Face ID, Accelerometer, Compass, Gyro, Proximity "," Dual Sim, Dual Standby (Nano-SIM) ", 6.4 Inches ,"Amoled Capacitive Touchscreen, 16M Colors, Multitouch ", Yes ,," 2.0, Type-C 1.0 reversible connector, USB On-The-Go ", 186 g ,"Wi-Fi 802.11 a/b/g/n/ac, dual-band, WiFi Direct, hotspot "
" 3.5mm Audio Jack, MP4/H.264 player, MP3/WAV/eAAC+/FLAC player, Speaker Phone ", GSM 850 / 900 / 1800 / 1900 GSM 850 / 900 / 1800 / 1900 , HSDPA 850 / 900 / 2100 ," LTE band 1(2100), 3(1800), 5(850), 7(2600), 8(900), 20(800), 28(700), 38(2600), 40(2300), 41(2500) - ROW "," v5.0 with A2DP, LE, apt-X ", HTML5 ,"64/128GB Built-in, 4/6GB RAM ","(Li-ion Non removable), 3500 mAh "," microSD Card, (supports up to 512GB) (dedicated slot) ", Qualcomm SDM660 Snapdragon 660 (14 nm) ," Cyan Green, Charcoal, Ice ",Octa-core (4 x 2.2 GHz Kryo 260 + 4 x 1.8 GHz Kryo 260) ," , Edge, 3G (HSPA 42.2/5.76 Mbps), 4G (LTE-A (2CA) Cat6 300/50 Mbps or LTE Cat4 150/50 Mbps) ", 159.9 x 71.2 x 8 mm ," Front/back glass + Gorilla Glass 3), plastic frame, Active noise cancellation with dedicated mic, Document viewer/editor, Photo/video editor  "," HDR10, Always-on display "," Zeiss optics, Phase detection, Geo-tagging, touch focus, Panorama, HDR, Video (2160p@30fps, 1080p@30fps (gyro-EIS)) "," 20 MP, f/2.0, Zeiss optics, HDR, Video (1080p@30fps) ", Built-in + Downloadable ," Yes + A-GPS support, & GLONASS, BDS ", Adreno 512 ,"Triple Camera: 48 MP, f/1.8, (wide), 1/2"", PDAF + 8 MP, f/2.2, 13mm (ultrawide) + 5 MP, depth sensor, LED Flash "," SMS(threaded view), MMS, Email, Push Mail, IM ",Nokia 7.2, No ,Android 9.0 (Pie); Android One ," Rs. 47,500 ",USD $354 , Corning Gorilla Glass 3 ,4.2, 1080 x 2280 Pixels (~400 PPI) ,"Accelerometer, Compass, Fingerprint (rear mounted), Gyro, Proximity "," Hybrid Dual SIM, Dual Standby, (Nano-SIM) ", 6.3 Inches ,"IPS LCD Capacitive Touchscreen, 16M Colors, Multitouch ", Yes ,," 2.0, Type-C 1.0 reversible connector, USB On-The-Go ", 160 g ,"Wi-Fi 802.11 a/b/g/n/ac, dual-band, WiFi Direct, hotspot "
" 3.5mm Audio Jack, MP4/H.264 player, MP3/WAV/eAAC+/FLAC player, Speaker Phone ", GSM 850 / 900 / 1800 / 1900 GSM 850 / 900 / 1800 / 1900 , HSDPA 850 / 900 / 1900 / 2100 ," LTE band 1(2100), 3(1800), 5(850), 8(900), 38(2600), 40(2300), 41(2500) "," v5.0 with A2DP, LE ", HTML5 ,"128GB built-in, 8GB RAM, UFS2.1 ","(Li-Po Non removable), 4000 mAh "," microSD Card, (supports up to 256GB) (dedicated slot) ", Qualcomm SDM712 Snapdragon 712 (10 nm) ," Pearl White, Pearl Blue ",Octa-core (2 x 2.3 GHz Kryo 360 Gold + 6 x 1.7 GHz Kryo 360 Silver) ," , Edge, 3G (HSPA 42.2/11.5 Mbps), 4G LTE-A ", 158.7 x 75.2 x 8.6 mm ," Active noise cancellation with dedicated mic, Document viewer, Photo/video editor ",," Geo-tagging, Phase detection, HDR, Panorama, Video (2160p@30fps, 1080p@30/60/120fps, 720p@960fps, gyro-EIS) "," 16 MP , f/2.0, 1/3.1, HDR, panorama, Video (1080p@30fps) ", Built-in + Downloadable ," Yes + A-GPS support, & GLONASS, BDS, GALILEO ", Adreno 616 ,"Quad Camera: 64 MP, f/1.8, (wide), 1/1.7"", PDAF + 8 MP, f/2.3, 13mm (ultrawide), 1/4"" + 2 MP, f/2.4, 1/5"", (dedicated macro camera) + 2 MP, f/2.4, 1/5"", depth sensor, LED Flash "," SMS(threaded view), MMS, Email, Push Mail, IM ",Realme XT, No ,Android 9.0 (Pie) upgradable to Android 10.0 ," Rs. 49,999 ",USD $373 , Corning Gorilla Glass 5 ,3.8, 1080 x 2340 Pixels (~403 PPI) ,"Accelerometer, Compass, Fingerprint (under display, optical), Proximity "," Dual Sim, Dual Standby (Nano-SIM) ", 6.4 Inches ,"Super AMOLED Capacitive Touchscreen, 16M Colors, Multitouch ", Yes , ColorOS 6.0 ," 2.0, Type-C 1.0 reversible connector ", 183 g ,"Wi-Fi 802.11 a/b/g/n/ac, dual-band, Wi-Fi Direct, hotspot "
" 3.5mm Audio Jack, MP4/DivX/XviD/WMV/H.265 player, MP3/WAV/eAAC+/FLAC player, Speaker Phone ", GSM 850 / 900 / 1800 / 1900 GSM 850 / 900 / 1800 / 1900 , HSDPA 850 / 900 / 1700(AWS) / 1900 / 2100 ," LTE band 1(2100), 3(1800), 7(2600), 8(900), 20(800) "," v5.0 with A2DP, LE, apt-X HD ", HTML5 ,"256GB Built-in, 8GB RAM ","(Li-Po Non removable), 5260 mAh ", No , Qualcomm SDM730 Snapdragon 730G (8 nm) ," Aurora Green, Glacier White, Midnight Black ",Octa-core (2 x 2.2 GHz Kryo 470 Gold + 6 x 1.8 GHz Kryo 470 Silver) ," , Edge, 3G (HSPA 42.2/5.76 Mbp), 4G (LTE-A (3CA) Cat15 800/150 Mbps) ", 157.8 x 74.2 x 9.7 mm ," Front/back glass + Gorilla Glass 5), aluminum frame, Active noise cancellation with dedicated mic, Photo/video editor, Document viewer "," 600 nits max brightness, DCI-P3, HDR10 "," Geo-tagging, touch focus, face detection, HDR, panorama, Video (2160p@30fps, 1080p@30/60/120/240fps, 720p@960fps) "," 32 MP, f/2.0, HDR, Video (1080p@30fps) ", Built-in + Downloadable ," Yes + A-GPS support & Glonass, BDS, GALILEO ", Adreno 618 ,"Five Camera: 108 MP (8P lens), f/1.7, 25mm (wide), 1/1.33"", PDAF, Laser AF, OIS + 12 MP, f/2.0, 50mm (telephoto), 1/2.55"", Dual Pixel PDAF, Laser AF, 2x optical zoom + 5 MP (upscaled to 8MP), f/2.0, (telephoto), PDAF, Laser AF, OIS, 5x optical zoom + 20 MP, f/2.2, 13mm (ultrawide), 1/2.8"", Laser AF + 2 MP, f/2.4, 1/5"", (dedicated macro camera), Quad-LED dual-tone flash "," SMS(threaded view), MMS, Email, Push Mail, IM ",Xiaomi Mi Note 10 Pro, Yes ,Android 9.0 (Pie) ," Rs. 94,999 ",USD $708 , Corning Gorilla Glass 5 ,4, 1080 x 2340 Pixels (~398 PPI) ,"Accelerometer, Compass, Fingerprint (under display, optical), Gyro, Proximity "," Dual Sim, Dual Standby (Nano-SIM) ", 6.47 Inches ,"Super AMOLED Capacitive Touchscreen, 16M Colors, Multitouch ", Yes , MIUI 11 ," 2.0, Type-C 1.0 reversible connector ", 200 g ,"Wi-Fi 802.11 a/b/g/n/ac, dual-band, Wi-Fi Direct, hotspot "
